dataset,start,end,duration_s,reason
futures_klines_1s,2020-04-13 00:31:21+00:00,2020-04-15 00:00:04+00:00,170924,
futures_klines_1s,2020-04-18 00:00:00+00:00,2020-04-19 00:00:04+00:00,86405,
futures_klines_1s,2020-05-04 00:00:00+00:00,2020-05-05 00:00:04+00:00,86405,
futures_klines_1s,2020-05-06 00:00:00+00:00,2020-05-07 00:00:07+00:00,86408,
futures_klines_1s,2020-05-08 05:53:26+00:00,2020-05-08 23:59:59+00:00,65194,
futures_klines_1s,2020-05-13 00:00:00+00:00,2020-05-14 00:00:07+00:00,86408,
futures_klines_1s,2020-05-27 00:00:00+00:00,2020-05-27 23:59:59+00:00,86400,
futures_klines_1s,2020-05-29 00:00:00+00:00,2020-05-30 00:00:00+00:00,86401,
futures_klines_1s,2020-09-27 11:12:23+00:00,2020-09-27 11:15:28+00:00,186,
futures_klines_1s,2020-09-27 11:18:25+00:00,2020-09-27 11:19:28+00:00,64,
futures_klines_1s,2020-09-27 11:22:40+00:00,2020-09-27 11:23:54+00:00,75,
futures_klines_1s,2020-09-27 11:26:21+00:00,2020-09-27 11:27:21+00:00,61,
futures_klines_1s,2020-09-27 11:28:41+00:00,2020-09-27 11:29:47+00:00,67,
futures_klines_1s,2020-11-03 00:00:00+00:00,2020-11-03 23:59:59+00:00,86400,
futures_klines_1s,2020-11-05 00:00:00+00:00,2020-11-05 23:59:59+00:00,86400,
futures_klines_1s,2020-11-08 09:34:41+00:00,2020-11-10 00:00:00+00:00,138320,
futures_klines_1s,2020-11-12 00:00:00+00:00,2020-11-12 23:59:59+00:00,86400,
futures_klines_1s,2020-11-21 00:00:00+00:00,2020-11-21 23:59:59+00:00,86400,
futures_klines_1s,2020-11-25 00:00:00+00:00,2020-11-25 23:59:59+00:00,86400,
futures_klines_1s,2020-11-27 00:00:00+00:00,2020-11-27 23:59:59+00:00,86400,
futures_klines_1s,2020-11-30 00:00:00+00:00,2020-11-30 23:59:59+00:00,86400,
futures_klines_1s,2021-02-09 05:08:29+00:00,2021-02-09 05:35:34+00:00,1626,
futures_klines_1s,2021-03-02 01:00:09+00:00,2021-03-02 01:59:59+00:00,3591,
futures_klines_1s,2021-05-19 13:15:34+00:00,2021-05-19 13:40:09+00:00,1476,
futures_klines_1s,2022-05-01 22:25:38+00:00,2022-05-01 22:55:09+00:00,1772,
futures_klines_1s,2022-05-28 16:39:38+00:00,2022-05-28 17:14:59+00:00,2122,
futures_klines_1s,2022-08-28 00:00:00+00:00,2022-08-30 23:59:59+00:00,259200,
futures_klines_1s,2022-09-01 00:00:00+00:00,2022-09-01 23:59:59+00:00,86400,
futures_klines_1s,2022-09-06 17:14:37+00:00,2022-09-06 17:20:56+00:00,380,
futures_klines_1s,2022-09-10 00:00:00+00:00,2022-09-10 23:59:59+00:00,86400,
futures_klines_1s,2022-10-29 00:00:00+00:00,2022-10-29 23:59:59+00:00,86400,
futures_klines_1s,2022-11-07 00:00:00+00:00,2022-11-08 00:00:03+00:00,86404,
futures_klines_1s,2022-11-14 00:00:00+00:00,2022-11-14 23:59:59+00:00,86400,
futures_klines_1s,2023-05-09 00:00:00+00:00,2023-05-09 23:59:59+00:00,86400,
futures_klines_1s,2023-09-12 08:33:49+00:00,2023-09-12 08:53:38+00:00,1190,
futures_klines_1s,2024-10-28 16:20:44+00:00,2024-10-28 16:35:12+00:00,869,
futures_klines_1s,2024-10-28 16:35:46+00:00,2024-10-28 16:37:06+00:00,81,
futures_klines_1s,2025-08-29 06:17:35+00:00,2025-08-29 06:37:03+00:00,1169,
spot_klines_1s,2020-02-09 02:00:00+00:00,2020-02-09 02:59:59+00:00,3600,
spot_klines_1s,2020-02-19 11:35:33+00:00,2020-02-19 17:29:59+00:00,21267,
spot_klines_1s,2020-03-04 09:21:47+00:00,2020-03-04 11:29:59+00:00,7693,
spot_klines_1s,2020-04-25 02:00:00+00:00,2020-04-25 04:29:59+00:00,9000,
spot_klines_1s,2020-06-28 02:00:00+00:00,2020-06-28 05:29:59+00:00,12600,
spot_klines_1s,2020-11-30 06:00:00+00:00,2020-11-30 06:59:59+00:00,3600,
spot_klines_1s,2020-12-21 13:47:21+00:00,2020-12-21 17:59:59+00:00,15159,
spot_klines_1s,2020-12-25 02:00:00+00:00,2020-12-25 02:59:59+00:00,3600,
spot_klines_1s,2021-02-11 03:40:55+00:00,2021-02-11 04:59:59+00:00,4745,
spot_klines_1s,2021-03-06 02:00:00+00:00,2021-03-06 03:29:59+00:00,5400,
spot_klines_1s,2021-04-20 02:00:00+00:00,2021-04-20 04:29:59+00:00,9000,
spot_klines_1s,2021-04-25 04:00:59+00:00,2021-04-25 08:44:59+00:00,17041,
spot_klines_1s,2021-08-13 02:00:00+00:00,2021-08-13 06:29:59+00:00,16200,
spot_klines_1s,2021-09-29 07:00:00+00:00,2021-09-29 08:59:59+00:00,7200,
spot_klines_1s,2023-03-24 12:39:42+00:00,2023-03-24 13:59:59+00:00,4818,
