side,minute,official_volume,reason
absente_chez_nous,2021-02-09 05:09:00+00:00,120.158,
absente_chez_nous,2021-02-09 05:10:00+00:00,54.855,
absente_chez_nous,2021-02-09 05:11:00+00:00,93.979,
absente_chez_nous,2021-02-09 05:12:00+00:00,94.606,
absente_chez_nous,2021-02-09 05:13:00+00:00,99.767,
absente_chez_nous,2021-02-09 05:14:00+00:00,128.911,
absente_chez_nous,2021-02-09 05:15:00+00:00,78.393,
absente_chez_nous,2021-02-09 05:16:00+00:00,59.29,
absente_chez_nous,2021-02-09 05:17:00+00:00,75.437,
absente_chez_nous,2021-02-09 05:18:00+00:00,248.346,
absente_chez_nous,2021-02-09 05:19:00+00:00,158.784,
absente_chez_nous,2021-02-09 05:20:00+00:00,125.027,
absente_chez_nous,2021-02-09 05:21:00+00:00,29.316,
absente_chez_nous,2021-02-09 05:22:00+00:00,117.658,
absente_chez_nous,2021-02-09 05:23:00+00:00,91.978,
absente_chez_nous,2021-02-09 05:24:00+00:00,43.432,
absente_chez_nous,2021-02-09 05:25:00+00:00,55.257,
absente_chez_nous,2021-02-09 05:26:00+00:00,68.226,
absente_chez_nous,2021-02-09 05:27:00+00:00,35.783,
absente_chez_nous,2021-02-09 05:28:00+00:00,28.107,
absente_chez_nous,2021-02-09 05:29:00+00:00,65.269,
absente_chez_nous,2021-02-09 05:30:00+00:00,33.583,
absente_chez_nous,2021-02-09 05:31:00+00:00,55.257,
absente_chez_nous,2021-02-09 05:32:00+00:00,69.913,
absente_chez_nous,2021-02-09 05:33:00+00:00,52.602,
absente_chez_nous,2021-02-09 05:34:00+00:00,72.165,
absente_chez_nous,2021-05-19 13:16:00+00:00,999.859,
absente_chez_nous,2021-05-19 13:17:00+00:00,736.222,
absente_chez_nous,2021-05-19 13:18:00+00:00,626.801,
absente_chez_nous,2021-05-19 13:19:00+00:00,1159.029,
absente_chez_nous,2021-05-19 13:20:00+00:00,1017.179,
absente_chez_nous,2021-05-19 13:21:00+00:00,862.274,
absente_chez_nous,2021-05-19 13:22:00+00:00,979.955,
absente_chez_nous,2021-05-19 13:23:00+00:00,1245.0,
absente_chez_nous,2021-05-19 13:24:00+00:00,518.682,
absente_chez_nous,2021-05-19 13:25:00+00:00,733.501,
absente_chez_nous,2021-05-19 13:26:00+00:00,698.903,
absente_chez_nous,2021-05-19 13:27:00+00:00,626.9,
absente_chez_nous,2021-05-19 13:28:00+00:00,498.181,
absente_chez_nous,2021-05-19 13:29:00+00:00,808.31,
absente_chez_nous,2021-05-19 13:30:00+00:00,474.087,
absente_chez_nous,2021-05-19 13:31:00+00:00,400.244,
absente_chez_nous,2021-05-19 13:32:00+00:00,451.827,
absente_chez_nous,2021-05-19 13:33:00+00:00,643.948,
absente_chez_nous,2021-05-19 13:34:00+00:00,484.437,
absente_chez_nous,2021-05-19 13:35:00+00:00,908.041,
absente_chez_nous,2021-05-19 13:36:00+00:00,487.511,
absente_chez_nous,2021-05-19 13:37:00+00:00,562.531,
absente_chez_nous,2021-05-19 13:38:00+00:00,341.148,
absente_chez_nous,2021-05-19 13:39:00+00:00,416.614,
absente_chez_nous,2022-09-06 17:15:00+00:00,2915.52,
absente_chez_nous,2022-09-06 17:16:00+00:00,2008.63,
absente_chez_nous,2022-09-06 17:17:00+00:00,2083.962,
absente_chez_nous,2022-09-06 17:18:00+00:00,2696.929,
absente_chez_nous,2022-09-06 17:19:00+00:00,2160.15,
absente_chez_binance,2023-11-10 15:07:00+00:00,0.0,
absente_chez_binance,2023-11-10 15:08:00+00:00,0.0,
absente_chez_binance,2023-11-10 15:09:00+00:00,0.0,
absente_chez_binance,2023-11-10 15:10:00+00:00,0.0,
absente_chez_binance,2023-11-10 15:11:00+00:00,0.0,
absente_chez_binance,2023-11-10 15:12:00+00:00,0.0,
absente_chez_binance,2023-11-10 15:13:00+00:00,0.0,
absente_chez_binance,2023-11-10 15:14:00+00:00,0.0,
absente_chez_binance,2023-11-10 15:15:00+00:00,0.0,
absente_chez_binance,2023-11-10 15:16:00+00:00,0.0,
absente_chez_binance,2023-11-10 15:17:00+00:00,0.0,
absente_chez_binance,2023-11-10 15:18:00+00:00,0.0,
absente_chez_binance,2023-11-10 15:19:00+00:00,0.0,
absente_chez_binance,2023-11-10 15:20:00+00:00,0.0,
absente_chez_binance,2023-11-10 15:21:00+00:00,0.0,
absente_chez_binance,2023-11-10 15:22:00+00:00,0.0,
absente_chez_binance,2023-11-10 15:23:00+00:00,0.0,
absente_chez_binance,2023-11-10 15:24:00+00:00,0.0,
absente_chez_binance,2023-11-10 15:25:00+00:00,0.0,
absente_chez_binance,2023-11-10 15:26:00+00:00,0.0,
absente_chez_binance,2023-11-10 15:27:00+00:00,0.0,
absente_chez_binance,2023-11-10 15:28:00+00:00,0.0,
absente_chez_binance,2023-11-10 15:29:00+00:00,0.0,
absente_chez_binance,2023-11-10 15:30:00+00:00,0.0,
absente_chez_binance,2023-11-10 15:31:00+00:00,0.0,
absente_chez_binance,2023-11-10 15:32:00+00:00,0.0,
absente_chez_binance,2023-11-10 15:33:00+00:00,0.0,
absente_chez_binance,2023-11-10 15:34:00+00:00,0.0,
absente_chez_binance,2023-11-10 15:35:00+00:00,0.0,
absente_chez_binance,2023-11-10 15:36:00+00:00,0.0,
absente_chez_binance,2023-11-10 15:37:00+00:00,0.0,
absente_chez_binance,2023-11-10 15:38:00+00:00,0.0,
absente_chez_binance,2023-11-10 15:39:00+00:00,0.0,
absente_chez_binance,2023-11-10 15:40:00+00:00,0.0,
absente_chez_binance,2023-11-10 15:41:00+00:00,0.0,
absente_chez_binance,2023-11-10 15:42:00+00:00,0.0,
absente_chez_binance,2023-11-10 15:43:00+00:00,0.0,
absente_chez_binance,2023-11-10 15:44:00+00:00,0.0,
absente_chez_binance,2023-11-10 15:45:00+00:00,0.0,
absente_chez_binance,2023-11-10 15:46:00+00:00,0.0,
absente_chez_binance,2023-11-10 15:47:00+00:00,0.0,
absente_chez_binance,2023-11-10 15:48:00+00:00,0.0,
absente_chez_binance,2023-11-10 15:49:00+00:00,0.0,
absente_chez_binance,2023-11-10 15:50:00+00:00,0.0,
absente_chez_binance,2023-11-10 15:51:00+00:00,0.0,
absente_chez_binance,2023-11-10 15:52:00+00:00,0.0,
absente_chez_binance,2023-11-10 15:53:00+00:00,0.0,
absente_chez_binance,2023-11-10 15:54:00+00:00,0.0,
absente_chez_binance,2023-11-10 15:55:00+00:00,0.0,
absente_chez_binance,2023-11-10 15:56:00+00:00,0.0,
absente_chez_binance,2023-11-10 15:57:00+00:00,0.0,
absente_chez_binance,2023-11-10 15:58:00+00:00,0.0,
absente_chez_binance,2023-11-10 15:59:00+00:00,0.0,
absente_chez_binance,2023-11-10 16:00:00+00:00,0.0,
absente_chez_binance,2023-11-10 16:01:00+00:00,0.0,
absente_chez_binance,2023-11-10 16:02:00+00:00,0.0,
absente_chez_binance,2023-11-10 16:03:00+00:00,0.0,
absente_chez_binance,2023-11-10 16:04:00+00:00,0.0,
absente_chez_binance,2023-11-10 16:05:00+00:00,0.0,
absente_chez_binance,2023-11-10 16:06:00+00:00,0.0,
absente_chez_binance,2023-11-10 16:07:00+00:00,0.0,
absente_chez_binance,2023-11-10 16:08:00+00:00,0.0,
absente_chez_binance,2023-11-10 16:09:00+00:00,0.0,
absente_chez_binance,2023-11-10 16:10:00+00:00,0.0,
absente_chez_binance,2023-11-10 16:11:00+00:00,0.0,
absente_chez_binance,2023-11-10 16:12:00+00:00,0.0,
absente_chez_binance,2023-11-10 16:13:00+00:00,0.0,
absente_chez_binance,2023-11-10 16:14:00+00:00,0.0,
absente_chez_binance,2023-11-10 16:15:00+00:00,0.0,
absente_chez_binance,2023-11-10 16:16:00+00:00,0.0,
absente_chez_binance,2023-11-10 16:17:00+00:00,0.0,
absente_chez_binance,2023-11-10 16:18:00+00:00,0.0,
absente_chez_binance,2023-11-10 16:19:00+00:00,0.0,
absente_chez_binance,2023-11-10 16:20:00+00:00,0.0,
absente_chez_binance,2023-11-10 16:21:00+00:00,0.0,
absente_chez_binance,2023-11-10 16:22:00+00:00,0.0,
absente_chez_binance,2023-11-10 16:23:00+00:00,0.0,
absente_chez_binance,2023-11-10 16:24:00+00:00,0.0,
absente_chez_binance,2023-11-10 16:25:00+00:00,0.0,
absente_chez_binance,2023-11-10 16:26:00+00:00,0.0,
absente_chez_binance,2023-11-10 16:27:00+00:00,0.0,
absente_chez_binance,2023-11-10 16:28:00+00:00,0.0,
absente_chez_binance,2023-11-10 16:29:00+00:00,0.0,
absente_chez_binance,2023-11-10 16:30:00+00:00,0.0,
absente_chez_binance,2023-11-10 16:31:00+00:00,0.0,
absente_chez_binance,2023-11-10 16:32:00+00:00,0.0,
absente_chez_binance,2023-11-10 16:33:00+00:00,0.0,
absente_chez_binance,2023-11-10 16:34:00+00:00,0.0,
absente_chez_binance,2023-11-10 16:35:00+00:00,0.0,
absente_chez_binance,2023-11-10 16:36:00+00:00,0.0,
absente_chez_binance,2023-11-10 16:37:00+00:00,0.0,
absente_chez_binance,2023-11-10 16:38:00+00:00,0.0,
absente_chez_binance,2023-11-10 16:39:00+00:00,0.0,
absente_chez_binance,2023-11-10 16:40:00+00:00,0.0,
absente_chez_binance,2023-11-10 16:41:00+00:00,0.0,
absente_chez_binance,2023-11-10 16:42:00+00:00,0.0,
absente_chez_binance,2023-11-10 16:43:00+00:00,0.0,
absente_chez_binance,2023-11-10 16:44:00+00:00,0.0,
absente_chez_binance,2023-11-10 16:45:00+00:00,0.0,
absente_chez_binance,2024-10-28 20:00:00+00:00,0.0,
absente_chez_binance,2024-10-28 20:01:00+00:00,0.0,
absente_chez_binance,2024-10-28 20:02:00+00:00,0.0,
absente_chez_binance,2024-10-28 20:03:00+00:00,0.0,
absente_chez_binance,2024-10-28 20:04:00+00:00,0.0,
absente_chez_binance,2024-10-28 20:05:00+00:00,0.0,
absente_chez_binance,2024-10-28 20:06:00+00:00,0.0,
absente_chez_binance,2024-10-28 20:07:00+00:00,0.0,
absente_chez_binance,2024-10-28 20:08:00+00:00,0.0,
absente_chez_binance,2024-10-28 20:09:00+00:00,0.0,
absente_chez_binance,2024-10-28 20:10:00+00:00,0.0,
absente_chez_binance,2024-10-28 20:11:00+00:00,0.0,
absente_chez_binance,2024-10-28 20:12:00+00:00,0.0,
absente_chez_binance,2024-10-28 20:13:00+00:00,0.0,
absente_chez_binance,2024-10-28 20:14:00+00:00,0.0,
absente_chez_binance,2024-10-28 20:15:00+00:00,0.0,
absente_chez_binance,2024-10-28 20:16:00+00:00,0.0,
absente_chez_binance,2024-10-28 20:17:00+00:00,0.0,
absente_chez_binance,2024-10-28 20:18:00+00:00,0.0,
absente_chez_binance,2024-10-28 20:19:00+00:00,0.0,
absente_chez_binance,2024-10-28 20:20:00+00:00,0.0,
absente_chez_binance,2024-10-28 20:21:00+00:00,0.0,
absente_chez_binance,2024-10-28 20:22:00+00:00,0.0,
absente_chez_binance,2024-10-28 20:23:00+00:00,0.0,
absente_chez_binance,2024-10-28 20:24:00+00:00,0.0,
absente_chez_binance,2024-10-28 20:25:00+00:00,0.0,
absente_chez_binance,2024-10-28 20:26:00+00:00,0.0,
absente_chez_binance,2024-10-28 20:27:00+00:00,0.0,
absente_chez_binance,2024-10-28 20:28:00+00:00,0.0,
absente_chez_binance,2024-10-28 20:29:00+00:00,0.0,
absente_chez_binance,2024-10-28 20:30:00+00:00,0.0,
absente_chez_binance,2024-10-28 20:31:00+00:00,0.0,
absente_chez_binance,2024-10-28 20:32:00+00:00,0.0,
absente_chez_binance,2024-10-28 20:33:00+00:00,0.0,
absente_chez_binance,2024-10-28 20:34:00+00:00,0.0,
absente_chez_binance,2024-10-28 20:35:00+00:00,0.0,
absente_chez_binance,2024-10-28 20:36:00+00:00,0.0,
absente_chez_binance,2024-10-28 20:37:00+00:00,0.0,
absente_chez_binance,2024-10-28 20:38:00+00:00,0.0,
absente_chez_binance,2024-10-28 20:39:00+00:00,0.0,
absente_chez_binance,2024-10-28 20:40:00+00:00,0.0,
absente_chez_binance,2024-10-28 20:41:00+00:00,0.0,
absente_chez_binance,2024-10-28 20:42:00+00:00,0.0,
absente_chez_binance,2024-10-28 20:43:00+00:00,0.0,
absente_chez_binance,2024-10-28 20:44:00+00:00,0.0,
absente_chez_binance,2024-10-28 20:45:00+00:00,0.0,
absente_chez_binance,2024-10-28 20:46:00+00:00,0.0,
absente_chez_binance,2024-10-28 20:47:00+00:00,0.0,
absente_chez_binance,2024-10-28 20:48:00+00:00,0.0,
absente_chez_binance,2024-10-28 20:49:00+00:00,0.0,
absente_chez_binance,2024-10-28 20:50:00+00:00,0.0,
absente_chez_binance,2024-10-28 20:51:00+00:00,0.0,
absente_chez_binance,2024-10-28 20:52:00+00:00,0.0,
absente_chez_binance,2024-10-28 20:53:00+00:00,0.0,
absente_chez_binance,2024-10-28 20:54:00+00:00,0.0,
absente_chez_binance,2024-10-28 20:55:00+00:00,0.0,
absente_chez_binance,2024-10-28 20:56:00+00:00,0.0,
absente_chez_binance,2024-10-28 20:57:00+00:00,0.0,
absente_chez_binance,2024-10-28 20:58:00+00:00,0.0,
absente_chez_binance,2024-10-28 20:59:00+00:00,0.0,
absente_chez_binance,2024-10-28 21:00:00+00:00,0.0,
absente_chez_binance,2024-10-28 21:01:00+00:00,0.0,
absente_chez_binance,2024-10-28 21:02:00+00:00,0.0,
absente_chez_binance,2024-10-28 21:03:00+00:00,0.0,
absente_chez_binance,2024-10-28 21:04:00+00:00,0.0,
absente_chez_binance,2024-10-28 21:05:00+00:00,0.0,
absente_chez_binance,2024-10-28 21:06:00+00:00,0.0,
absente_chez_binance,2024-10-28 21:07:00+00:00,0.0,
absente_chez_binance,2024-10-28 21:08:00+00:00,0.0,
absente_chez_binance,2024-10-28 21:09:00+00:00,0.0,
absente_chez_binance,2024-10-28 21:10:00+00:00,0.0,
absente_chez_binance,2024-10-28 21:11:00+00:00,0.0,
absente_chez_binance,2024-10-28 21:12:00+00:00,0.0,
absente_chez_binance,2024-10-28 21:13:00+00:00,0.0,
absente_chez_binance,2025-01-14 13:32:00+00:00,0.0,
absente_chez_binance,2025-01-14 13:33:00+00:00,0.0,
absente_chez_binance,2025-01-29 01:23:00+00:00,0.0,
absente_chez_binance,2025-01-29 01:24:00+00:00,0.0,
absente_chez_binance,2025-01-29 01:25:00+00:00,0.0,
absente_chez_binance,2025-01-29 01:26:00+00:00,0.0,
absente_chez_binance,2025-01-29 01:27:00+00:00,0.0,
absente_chez_binance,2025-01-29 01:28:00+00:00,0.0,
absente_chez_binance,2025-01-29 01:29:00+00:00,0.0,
absente_chez_binance,2025-01-29 01:30:00+00:00,0.0,
absente_chez_binance,2025-01-29 01:31:00+00:00,0.0,
absente_chez_binance,2025-01-29 01:32:00+00:00,0.0,
absente_chez_binance,2025-01-29 01:33:00+00:00,0.0,
absente_chez_binance,2025-01-29 01:34:00+00:00,0.0,
absente_chez_binance,2025-01-29 01:35:00+00:00,0.0,
absente_chez_binance,2025-01-29 02:41:00+00:00,0.0,
absente_chez_binance,2025-01-29 02:42:00+00:00,0.0,
absente_chez_binance,2025-01-29 02:43:00+00:00,0.0,
absente_chez_binance,2025-01-29 02:44:00+00:00,0.0,
absente_chez_nous,2025-08-29 06:18:00+00:00,0.002,
zone_invalide,2022-09-06 17:10:00+00:00,0.0,incident Binance : horodatages perturbés avant 5 minutes sans aggTrades
zone_invalide,2022-09-06 17:11:00+00:00,0.0,incident Binance : horodatages perturbés avant 5 minutes sans aggTrades
zone_invalide,2022-09-06 17:12:00+00:00,0.0,incident Binance : horodatages perturbés avant 5 minutes sans aggTrades
zone_invalide,2022-09-06 17:13:00+00:00,0.0,incident Binance : horodatages perturbés avant 5 minutes sans aggTrades
zone_invalide,2022-09-06 17:14:00+00:00,0.0,incident Binance : horodatages perturbés avant 5 minutes sans aggTrades
zone_invalide,2022-09-06 17:10:00+00:00,0.0,incident Binance : horodatages perturbés avant 5 minutes sans aggTrades
zone_invalide,2022-09-06 17:11:00+00:00,0.0,incident Binance : horodatages perturbés avant 5 minutes sans aggTrades
zone_invalide,2022-09-06 17:12:00+00:00,0.0,incident Binance : horodatages perturbés avant 5 minutes sans aggTrades
zone_invalide,2022-09-06 17:13:00+00:00,0.0,incident Binance : horodatages perturbés avant 5 minutes sans aggTrades
zone_invalide,2022-09-06 17:14:00+00:00,0.0,incident Binance : horodatages perturbés avant 5 minutes sans aggTrades
