retrieved_at,dataset,target,source,sha256,mode,rows,code_sha
2026-09-26T14:14:09+00:00,futures_klines_1s,futures_klines_1s_2021-02.parquet,https://data.binance.vision/data/futures/um/daily/aggTrades/BTCUSDT/BTCUSDT-aggTrades-2021-02-09.zip,ee32ac98f3366028f8ef3d36cb699868b5f2aeb02ecdfc69e821a77f52b0eb4a,replace,84651,c5fbc9fd2978
2026-09-26T14:14:10+00:00,futures_klines_1m,futures_klines_1m_2021-02.parquet,https://data.binance.vision/data/futures/um/daily/klines/BTCUSDT/1m/BTCUSDT-1m-2021-02-09.zip,1c295da5a5e05a6584580eae3ca3eab47cbc8e1d31c33d8a173db5a7f1a5729d,replace,1440,c5fbc9fd2978
2026-09-26T14:14:42+00:00,futures_klines_1s,futures_klines_1s_2021-05.parquet,https://data.binance.vision/data/futures/um/daily/aggTrades/BTCUSDT/BTCUSDT-aggTrades-2021-05-19.zip,f9857256aae14cf78d76959d84408a881a9b6c8e8bfe214c86f12bcc80eb5bbb,replace,84922,c5fbc9fd2978
2026-09-26T14:14:43+00:00,futures_klines_1m,futures_klines_1m_2021-05.parquet,https://data.binance.vision/data/futures/um/daily/klines/BTCUSDT/1m/BTCUSDT-1m-2021-05-19.zip,b414611ff576cdcc4fabf938b07d15b7ffbba742465cd7abfebecab4ded10c3f,replace,1440,c5fbc9fd2978
2026-09-26T14:15:00+00:00,futures_klines_1s,futures_klines_1s_2022-09.parquet,https://data.binance.vision/data/futures/um/daily/aggTrades/BTCUSDT/BTCUSDT-aggTrades-2022-09-06.zip,73089712cae0f734de0c2cbe77e6ee8d0bd019a9c7719988b4d75ad0db5d30e3,replace,85891,c5fbc9fd2978
2026-09-26T14:15:02+00:00,futures_klines_1m,futures_klines_1m_2022-09.parquet,https://data.binance.vision/data/futures/um/daily/klines/BTCUSDT/1m/BTCUSDT-1m-2022-09-06.zip,96279d2f0c83a8b88d8c1f19ac77d8f5ec9e90138d212086176e0e4ba2a2a87e,replace,1440,c5fbc9fd2978
2026-09-26T14:15:15+00:00,futures_klines_1s,futures_klines_1s_2023-11.parquet,https://data.binance.vision/data/futures/um/daily/aggTrades/BTCUSDT/BTCUSDT-aggTrades-2023-11-10.zip,eac0d7949e670fd1a2a3630cb896a4ecf658d23e1fa8660391918ca34df1a54f,replace,85012,c5fbc9fd2978
2026-09-26T14:15:16+00:00,futures_klines_1m,futures_klines_1m_2023-11.parquet,https://data.binance.vision/data/futures/um/daily/klines/BTCUSDT/1m/BTCUSDT-1m-2023-11-10.zip,60fbc08c0a73afa5f04d8bc9b8b960cb782435147c1a1080a2b449714db1ea20,replace,1440,c5fbc9fd2978
2026-09-26T14:15:29+00:00,futures_klines_1s,futures_klines_1s_2024-10.parquet,https://data.binance.vision/data/futures/um/daily/aggTrades/BTCUSDT/BTCUSDT-aggTrades-2024-10-28.zip,2911e8337d4203f706ae5fddb8ed9064c129cc7c6c11360cde22a6e6b23b6f6a,replace,84266,c5fbc9fd2978
2026-09-26T14:17:41+00:00,futures_klines_1m,futures_klines_1m_2024-10.parquet,https://data.binance.vision/data/futures/um/daily/klines/BTCUSDT/1m/BTCUSDT-1m-2024-10-28.zip,113e85b54b8041e72726771970239b96a4d23939b3cf2825533f0b781d8117cb,replace,1440,c5fbc9fd2978
2026-09-26T14:17:51+00:00,futures_klines_1s,futures_klines_1s_2025-01.parquet,https://data.binance.vision/data/futures/um/daily/aggTrades/BTCUSDT/BTCUSDT-aggTrades-2025-01-14.zip,98c672e13bcbf96ae9d8640cdff57d83c95292b754804acd06788abce16281ff,replace,85485,c5fbc9fd2978
2026-09-26T14:17:58+00:00,futures_klines_1s,futures_klines_1s_2025-01.parquet,https://data.binance.vision/data/futures/um/daily/aggTrades/BTCUSDT/BTCUSDT-aggTrades-2025-01-29.zip,b73cf1c45ee38bca4ed2b227ce9d829e2c586f0d1f8368738624e1390e0828ac,replace,85007,c5fbc9fd2978
2026-09-26T14:18:01+00:00,futures_klines_1m,futures_klines_1m_2025-01.parquet,https://data.binance.vision/data/futures/um/daily/klines/BTCUSDT/1m/BTCUSDT-1m-2025-01-14.zip,db40c6aff863f583683fa5eb3ee6ecd6be262b21baed3b725685182784936ad1,replace,1440,c5fbc9fd2978
2026-09-26T14:18:03+00:00,futures_klines_1m,futures_klines_1m_2025-01.parquet,https://data.binance.vision/data/futures/um/daily/klines/BTCUSDT/1m/BTCUSDT-1m-2025-01-29.zip,15ca75f20dfd5c99faedc8df37216d1f7ec2a6809506988a005113fb2e4b6869,replace,1440,c5fbc9fd2978
2026-09-26T14:18:20+00:00,futures_klines_1s,futures_klines_1s_2025-08.parquet,https://data.binance.vision/data/futures/um/daily/aggTrades/BTCUSDT/BTCUSDT-aggTrades-2025-08-29.zip,b3022cd70c90e8d026c8adaf3a62accdc5c7d9b2ae00daa9e1eebad15e3be248,replace,83896,c5fbc9fd2978
