attempted_at,dataset,day,reason,result
2026-09-26T14:14:09+00:00,futures_klines_1s,2021-02-09,minutes officielles absentes chez nous,84651 lignes
2026-09-26T14:14:10+00:00,futures_klines_1m,2021-02-09,volume journalier différent de 0.58%,1440 lignes
2026-09-26T14:14:42+00:00,futures_klines_1s,2021-05-19,minutes officielles absentes chez nous,84922 lignes
2026-09-26T14:14:43+00:00,futures_klines_1m,2021-05-19,volume journalier différent de 1.25%,1440 lignes
2026-09-26T14:15:00+00:00,futures_klines_1s,2022-09-06,minutes officielles absentes chez nous,85891 lignes
2026-09-26T14:15:02+00:00,futures_klines_1m,2022-09-06,volume journalier différent de 1.53%,1440 lignes
2026-09-26T14:15:15+00:00,futures_klines_1s,2023-11-10,volume journalier différent de 13.64%,85012 lignes
2026-09-26T14:15:16+00:00,futures_klines_1m,2023-11-10,minutes absentes des bougies officielles,1440 lignes
2026-09-26T14:15:29+00:00,futures_klines_1s,2024-10-28,volume journalier différent de 3.29%,84266 lignes
2026-09-26T14:17:41+00:00,futures_klines_1m,2024-10-28,minutes absentes des bougies officielles,1440 lignes
2026-09-26T14:17:51+00:00,futures_klines_1s,2025-01-14,volume journalier différent de 1.62%,85485 lignes
2026-09-26T14:17:58+00:00,futures_klines_1s,2025-01-29,volume journalier différent de 0.66%,85007 lignes
2026-09-26T14:18:01+00:00,futures_klines_1m,2025-01-14,minutes absentes des bougies officielles,1440 lignes
2026-09-26T14:18:03+00:00,futures_klines_1m,2025-01-29,minutes absentes des bougies officielles,1440 lignes
2026-09-26T14:18:20+00:00,futures_klines_1s,2025-08-29,minutes officielles absentes chez nous,83896 lignes
